return_ts,order_dt,order_id,reason
2025-08-01 00:37:47,2025-07-18,629043,Late Delivery
2025-08-01 01:18:03,2025-07-21,632678,Wrong Item
2025-08-01 02:10:32,2025-07-23,634397,Wrong Item
2025-08-01 02:48:08,2025-07-20,630611,Damaged
2025-08-01 03:38:16,2025-07-24,635076,Quality Issue
2025-08-01 03:54:22,2025-07-19,629949,Damaged
2025-08-01 03:55:20,2025-07-14,624676,Quality Issue
2025-08-01 04:04:37,2025-07-21,632148,Damaged
2025-08-01 04:15:04,2025-07-16,626722,Wrong Item
2025-08-01 05:05:22,2025-07-21,632354,Late Delivery
2025-08-01 05:39:50,2025-07-17,627979,Late Delivery
2025-08-01 06:08:07,2025-07-19,629793,Damaged
2025-08-01 06:12:47,2025-07-17,628055,Quality Issue
2025-08-01 06:45:23,2025-07-24,635935,Wrong Item
2025-08-01 07:12:56,2025-07-25,636503,Damaged
2025-08-01 07:21:28,2025-07-22,633934,Late Delivery
2025-08-01 07:33:46,2025-07-21,632393,Wrong Item
2025-08-01 08:11:03,2025-07-19,629864,Late Delivery
2025-08-01 08:27:55,2025-07-19,629488,Wrong Item
2025-08-01 08:51:47,2025-07-20,632005,Damaged
2025-08-01 08:56:01,2025-07-20,631311,Damaged
2025-08-01 09:34:47,2025-07-23,634590,Other
2025-08-01 10:38:18,2025-07-19,629621,Wrong Item
2025-08-01 11:18:43,2025-07-26,637904,Quality Issue
2025-08-01 11:46:59,2025-07-21,632399,Other
2025-08-01 12:12:32,2025-07-23,634521,Damaged
2025-08-01 13:19:01,2025-07-19,629711,Quality Issue
2025-08-01 15:35:40,2025-07-18,628841,Late Delivery
2025-08-01 16:08:26,2025-07-22,633715,Late Delivery
2025-08-01 16:16:15,2025-07-21,632153,Damaged
2025-08-01 16:18:56,2025-07-17,628065,Quality Issue
2025-08-01 16:30:38,2025-07-22,632865,Late Delivery
2025-08-01 16:40:37,2025-07-24,635839,Late Delivery
2025-08-01 17:13:51,2025-07-20,630651,Quality Issue
2025-08-01 17:50:33,2025-07-23,634788,Damaged
2025-08-01 19:56:54,2025-07-17,627502,Wrong Item
2025-08-01 21:16:28,2025-07-26,637567,Other
2025-08-01 21:54:46,2025-07-21,632577,Quality Issue
2025-08-01 22:07:50,2025-07-17,628009,Wrong Item
2025-08-01 22:33:08,2025-07-23,634326,Damaged
2025-08-01 22:48:49,2025-07-22,633138,Late Delivery
2025-08-01 23:00:05,2025-07-25,636450,Damaged
2025-08-01 23:09:14,2025-07-18,628465,Wrong Item
2025-08-01 23:27:23,2025-07-20,630386,Quality Issue
2025-08-02 00:10:45,2025-07-20,630669,Other
2025-08-02 01:15:45,2025-07-18,628871,Wrong Item
2025-08-02 01:44:28,2025-07-21,632808,Wrong Item
2025-08-02 02:11:29,2025-07-22,633472,Quality Issue
2025-08-02 02:52:21,2025-07-20,630583,Damaged
2025-08-02 03:03:52,2025-07-17,628192,Damaged
2025-08-02 05:05:22,2025-07-25,636071,Wrong Item
2025-08-02 05:58:42,2025-07-24,635235,Other
2025-08-02 07:13:41,2025-07-20,630939,Damaged
2025-08-02 07:19:43,2025-07-22,633194,Damaged
2025-08-02 10:40:09,2025-07-25,636619,Late Delivery
2025-08-02 11:36:35,2025-07-23,634806,Other
2025-08-02 12:10:54,2025-07-19,630159,Quality Issue
2025-08-02 14:56:56,2025-07-24,635770,Quality Issue
2025-08-02 16:11:58,2025-07-22,633387,Late Delivery
2025-08-02 16:17:13,2025-07-24,635686,Wrong Item
2025-08-02 18:00:48,2025-07-18,628722,Late Delivery
2025-08-02 20:47:51,2025-07-20,630471,Wrong Item
2025-08-02 22:20:12,2025-07-22,633206,Quality Issue
2025-08-02 23:01:03,2025-07-25,636066,Wrong Item
2025-08-02 23:47:49,2025-07-24,635195,Quality Issue
2025-08-02 23:58:52,2025-07-26,637372,Late Delivery
2025-08-03 00:42:07,2025-07-19,629877,Other
2025-08-03 01:20:48,2025-07-21,632522,Other
2025-08-03 01:31:46,2025-07-22,633245,Damaged
2025-08-03 01:33:47,2025-07-19,629915,Quality Issue
2025-08-03 03:32:24,2025-07-20,631487,Damaged
2025-08-03 03:57:56,2025-07-19,630240,Quality Issue
2025-08-03 04:59:10,2025-07-22,632960,Late Delivery
2025-08-03 05:14:41,2025-07-21,632230,Quality Issue
2025-08-03 05:35:43,2025-07-20,631732,Damaged
2025-08-03 05:48:56,2025-07-20,630806,Wrong Item
2025-08-03 06:42:15,2025-07-18,628473,Wrong Item
2025-08-03 07:41:39,2025-07-17,627674,Quality Issue
2025-08-03 09:25:19,2025-07-26,637358,Damaged
2025-08-03 12:28:50,2025-07-24,635362,Damaged
2025-08-03 12:55:38,2025-07-22,633858,Wrong Item
2025-08-03 13:41:39,2025-07-20,631891,Wrong Item
2025-08-03 14:59:34,2025-07-19,629699,Damaged
2025-08-03 15:15:43,2025-07-20,631546,Damaged
2025-08-03 15:40:48,2025-07-21,632707,Wrong Item
2025-08-03 15:40:49,2025-07-20,630830,Quality Issue
2025-08-03 16:01:04,2025-07-23,634463,Damaged
2025-08-03 17:31:30,2025-07-23,634984,Wrong Item
2025-08-03 17:35:48,2025-07-23,634910,Wrong Item
2025-08-03 17:47:06,2025-07-24,635097,Damaged
2025-08-03 18:05:31,2025-07-29,640545,Damaged
2025-08-03 18:09:53,2025-07-25,636596,Damaged
2025-08-03 18:34:45,2025-07-20,631997,Wrong Item
2025-08-03 18:58:10,2025-07-22,633743,Damaged
2025-08-03 20:17:23,2025-07-25,636375,Damaged
2025-08-03 21:20:58,2025-07-24,635500,Damaged
2025-08-03 22:02:41,2025-07-22,633900,Wrong Item
2025-08-03 22:28:09,2025-07-25,636603,Damaged
2025-08-03 22:39:58,2025-07-20,631777,Quality Issue
2025-08-03 23:04:20,2025-07-22,632903,Late Delivery
2025-08-03 23:31:16,2025-07-27,638862,Damaged
2025-08-03 23:32:33,2025-07-29,640691,Damaged
2025-08-03 23:48:12,2025-07-20,631886,Other
2025-08-04 00:36:51,2025-07-22,633762,Wrong Item
2025-08-04 01:16:51,2025-07-21,632292,Other
2025-08-04 01:38:54,2025-07-23,634436,Wrong Item
2025-08-04 02:12:34,2025-07-30,642248,Quality Issue
2025-08-04 02:25:17,2025-07-26,636937,Late Delivery
2025-08-04 02:26:06,2025-07-23,634382,Quality Issue
2025-08-04 02:28:40,2025-07-19,629894,Quality Issue
2025-08-04 02:30:24,2025-07-19,629700,Damaged
2025-08-04 02:47:08,2025-07-24,635077,Damaged
2025-08-04 02:54:09,2025-07-29,640287,Late Delivery
2025-08-04 02:57:43,2025-07-24,635711,Quality Issue
2025-08-04 03:53:18,2025-07-21,632617,Damaged
2025-08-04 04:22:38,2025-07-25,636749,Damaged
2025-08-04 05:54:41,2025-07-21,632426,Wrong Item
2025-08-04 06:53:24,2025-07-23,634139,Late Delivery
2025-08-04 09:03:03,2025-07-20,631962,Damaged
2025-08-04 09:58:34,2025-07-23,634294,Wrong Item
2025-08-04 10:08:29,2025-07-22,633128,Damaged
2025-08-04 10:18:33,2025-07-23,634365,Damaged
2025-08-04 10:36:26,2025-07-22,633369,Other
2025-08-04 11:03:06,2025-07-26,637136,Quality Issue
2025-08-04 11:49:50,2025-07-20,631373,Wrong Item
2025-08-04 12:45:26,2025-07-23,634503,Wrong Item
2025-08-04 12:55:06,2025-07-24,635774,Damaged
2025-08-04 14:09:41,2025-07-25,636709,Quality Issue
2025-08-04 14:35:12,2025-07-28,639662,Wrong Item
2025-08-04 14:38:05,2025-07-26,637393,Quality Issue
2025-08-04 15:31:28,2025-07-23,634973,Wrong Item
2025-08-04 15:41:54,2025-07-23,634480,Late Delivery
2025-08-04 15:49:25,2025-07-24,635451,Wrong Item
2025-08-04 16:31:04,2025-07-24,635148,Other
2025-08-04 16:41:45,2025-07-24,635829,Damaged
2025-08-04 17:04:48,2025-07-25,636172,Damaged
2025-08-04 17:43:35,2025-07-21,632425,Late Delivery
2025-08-04 17:59:07,2025-07-29,640658,Late Delivery
2025-08-04 20:45:53,2025-07-26,637278,Quality Issue
2025-08-04 21:49:25,2025-07-23,634526,Damaged
2025-08-04 22:05:28,2025-07-22,633947,Wrong Item
2025-08-04 22:24:34,2025-07-27,637956,Wrong Item
2025-08-04 22:30:10,2025-07-23,634447,Late Delivery
2025-08-05 00:46:06,2025-07-25,636620,Wrong Item
2025-08-05 00:52:33,2025-07-24,635422,Late Delivery
2025-08-05 01:04:12,2025-07-22,633372,Late Delivery
2025-08-05 01:49:49,2025-07-19,629489,Late Delivery
2025-08-05 02:03:08,2025-07-24,635285,Wrong Item
2025-08-05 02:47:34,2025-07-28,639913,Wrong Item
2025-08-05 04:08:18,2025-07-23,634835,Wrong Item
2025-08-05 04:14:50,2025-07-27,638668,Wrong Item
2025-08-05 04:16:20,2025-07-20,631953,Damaged
2025-08-05 05:05:54,2025-07-23,634178,Damaged
2025-08-05 05:25:43,2025-07-29,640328,Wrong Item
2025-08-05 06:29:37,2025-07-22,633030,Damaged
2025-08-05 06:54:56,2025-07-22,633144,Wrong Item
2025-08-05 06:56:52,2025-07-21,632369,Wrong Item
2025-08-05 07:15:55,2025-07-25,636598,Wrong Item
2025-08-05 07:27:03,2025-07-22,633516,Damaged
2025-08-05 07:57:27,2025-07-22,633378,Late Delivery
2025-08-05 08:08:25,2025-07-28,639839,Late Delivery
2025-08-05 08:15:42,2025-07-24,635926,Quality Issue
2025-08-05 08:38:39,2025-07-24,635988,Quality Issue
2025-08-05 08:47:03,2025-07-21,632560,Wrong Item
2025-08-05 08:59:57,2025-07-23,634081,Wrong Item
2025-08-05 09:02:44,2025-07-25,636691,Late Delivery
2025-08-05 09:58:28,2025-07-24,635789,Wrong Item
2025-08-05 10:26:16,2025-07-29,639966,Other
2025-08-05 11:14:34,2025-07-29,640032,Late Delivery
2025-08-05 11:28:47,2025-07-27,638390,Other
2025-08-05 12:17:42,2025-07-23,634833,Quality Issue
2025-08-05 14:45:50,2025-07-24,635643,Damaged
2025-08-05 15:12:22,2025-07-28,639064,Damaged
2025-08-05 15:57:26,2025-07-24,635073,Quality Issue
2025-08-05 16:08:10,2025-07-26,637373,Wrong Item
2025-08-05 17:39:13,2025-07-22,632867,Quality Issue
2025-08-05 20:24:04,2025-07-27,638219,Quality Issue
2025-08-05 20:55:16,2025-07-20,631346,Wrong Item
2025-08-05 21:19:10,2025-07-28,639705,Wrong Item
2025-08-05 21:58:08,2025-07-25,636443,Late Delivery
2025-08-05 23:33:03,2025-07-24,635866,Quality Issue
2025-08-05 23:49:54,2025-07-29,640698,Late Delivery
2025-08-06 00:12:14,2025-07-26,637878,Late Delivery
2025-08-06 00:32:49,2025-07-31,642869,Other
2025-08-06 00:33:30,2025-07-28,639909,Wrong Item
2025-08-06 01:27:49,2025-07-30,642369,Quality Issue
2025-08-06 01:32:01,2025-07-20,631349,Other
2025-08-06 01:33:51,2025-07-29,640365,Damaged
2025-08-06 01:54:12,2025-07-26,637870,Quality Issue
2025-08-06 02:59:28,2025-07-28,639067,Damaged
2025-08-06 03:51:04,2025-07-24,635673,Damaged
2025-08-06 05:47:00,2025-07-27,638565,Damaged
2025-08-06 06:13:35,2025-07-26,637304,Quality Issue
2025-08-06 07:49:40,2025-07-22,633825,Quality Issue
2025-08-06 08:07:11,2025-07-27,638101,Late Delivery
2025-08-06 08:31:15,2025-07-22,633213,Wrong Item
2025-08-06 08:31:50,2025-07-30,642567,Wrong Item
2025-08-06 08:43:46,2025-07-27,638180,Other
2025-08-06 09:28:02,2025-07-28,639728,Wrong Item
2025-08-06 09:56:42,2025-07-24,635366,Damaged
2025-08-06 10:27:43,2025-07-26,637324,Quality Issue
2025-08-06 11:17:24,2025-07-29,640703,Quality Issue
2025-08-06 12:42:41,2025-07-26,637350,Damaged
2025-08-06 13:37:14,2025-07-28,638980,Other
2025-08-06 14:09:43,2025-07-23,634433,Damaged
2025-08-06 15:12:06,2025-07-29,640647,Late Delivery
2025-08-06 15:33:58,2025-07-21,632444,Late Delivery
2025-08-06 15:50:45,2025-07-28,639774,Late Delivery
2025-08-06 16:43:32,2025-07-28,639889,Late Delivery
2025-08-06 16:44:11,2025-07-26,637406,Late Delivery
2025-08-06 16:44:41,2025-07-26,637866,Quality Issue
2025-08-06 16:45:30,2025-07-25,636563,Wrong Item
2025-08-06 17:05:25,2025-07-27,637991,Late Delivery
2025-08-06 21:03:06,2025-07-24,635904,Damaged
2025-08-06 21:25:42,2025-07-27,638036,Damaged
2025-08-06 21:42:10,2025-07-27,638538,Damaged
2025-08-06 23:45:54,2025-07-22,633102,Wrong Item
2025-08-07 01:04:37,2025-07-27,638108,Wrong Item
2025-08-07 01:48:37,2025-07-31,643106,Damaged
2025-08-07 03:42:37,2025-07-25,636031,Late Delivery
2025-08-07 03:45:35,2025-07-20,630430,Quality Issue
2025-08-07 04:40:01,2025-07-29,640818,Late Delivery
2025-08-07 04:44:34,2025-07-26,637353,Wrong Item
2025-08-07 07:18:27,2025-07-27,638176,Quality Issue
2025-08-07 08:44:06,2025-07-25,636322,Other
2025-08-07 08:47:32,2025-07-26,637832,Damaged
2025-08-07 10:12:25,2025-07-29,640648,Wrong Item
2025-08-07 13:19:33,2025-07-25,636654,Quality Issue
2025-08-07 13:32:48,2025-07-25,636569,Late Delivery
2025-08-07 14:18:56,2025-07-30,641672,Damaged
2025-08-07 14:33:51,2025-07-27,638201,Other
2025-08-07 15:11:55,2025-08-02,644888,Late Delivery
2025-08-07 15:32:34,2025-07-29,640053,Damaged
2025-08-07 16:22:12,2025-07-27,638314,Other
2025-08-07 19:09:19,2025-07-27,638509,Late Delivery
2025-08-07 19:43:54,2025-07-31,643017,Quality Issue
2025-08-07 20:28:29,2025-07-31,643602,Damaged
2025-08-07 22:54:45,2025-07-30,641454,Other
2025-08-08 00:17:09,2025-07-25,636303,Late Delivery
2025-08-08 00:42:28,2025-07-27,638078,Late Delivery
2025-08-08 01:19:06,2025-07-25,636315,Late Delivery
2025-08-08 01:49:26,2025-07-31,642850,Other
2025-08-08 02:33:40,2025-07-29,640598,Damaged
2025-08-08 03:09:00,2025-07-27,638051,Damaged
2025-08-08 03:18:40,2025-07-25,636685,Late Delivery
2025-08-08 03:43:43,2025-08-01,644181,Late Delivery
2025-08-08 03:56:10,2025-07-26,636877,Damaged
2025-08-08 04:08:55,2025-07-29,640627,Damaged
2025-08-08 04:15:14,2025-07-29,640396,Damaged
2025-08-08 04:31:52,2025-07-25,636074,Damaged
2025-08-08 04:55:44,2025-07-25,636297,Other
2025-08-08 06:58:19,2025-07-26,636969,Late Delivery
2025-08-08 07:13:30,2025-07-27,638075,Late Delivery
2025-08-08 08:14:10,2025-07-27,638640,Late Delivery
2025-08-08 10:41:24,2025-07-29,640953,Quality Issue
2025-08-08 13:01:20,2025-07-30,642578,Quality Issue
2025-08-08 15:16:34,2025-07-30,641765,Quality Issue
2025-08-08 16:26:51,2025-07-29,640804,Other
2025-08-08 16:29:09,2025-07-31,643454,Damaged
2025-08-08 18:16:19,2025-08-02,644586,Wrong Item
2025-08-08 18:20:34,2025-07-27,638689,Late Delivery
2025-08-08 18:23:19,2025-07-28,639091,Quality Issue
2025-08-08 20:21:49,2025-07-28,639234,Wrong Item
2025-08-08 20:24:56,2025-08-03,645837,Late Delivery
2025-08-08 21:30:47,2025-07-31,642929,Damaged
2025-08-08 22:01:16,2025-07-31,642858,Quality Issue
2025-08-08 22:11:15,2025-07-28,639797,Damaged
2025-08-08 22:50:43,2025-07-30,641048,Quality Issue
2025-08-08 23:21:09,2025-07-28,638981,Wrong Item
2025-08-09 00:10:56,2025-07-28,639522,Wrong Item
2025-08-09 01:23:17,2025-08-01,644273,Late Delivery
2025-08-09 01:49:35,2025-07-27,638246,Quality Issue
2025-08-09 01:58:34,2025-07-30,641185,Wrong Item
2025-08-09 02:54:03,2025-07-28,639378,Late Delivery
2025-08-09 05:11:59,2025-07-28,639926,Damaged
2025-08-09 05:33:30,2025-07-28,639595,Quality Issue
2025-08-09 06:49:06,2025-07-30,642539,Damaged
2025-08-09 09:23:32,2025-07-29,640702,Quality Issue
2025-08-09 11:28:40,2025-07-26,637486,Wrong Item
2025-08-09 11:48:42,2025-07-24,635162,Wrong Item
2025-08-09 12:19:18,2025-07-29,640230,Damaged
2025-08-09 13:34:45,2025-07-31,643274,Damaged
2025-08-09 15:05:20,2025-07-30,641680,Damaged
2025-08-09 17:40:46,2025-07-24,635771,Damaged
2025-08-09 19:02:28,2025-07-30,641808,Quality Issue
2025-08-09 19:13:55,2025-07-27,638165,Wrong Item
2025-08-09 19:24:31,2025-08-01,643755,Late Delivery
2025-08-09 20:04:29,2025-07-26,637941,Wrong Item
2025-08-09 20:09:59,2025-07-27,638697,Damaged
2025-08-09 20:56:13,2025-08-03,645895,Quality Issue
2025-08-09 21:44:44,2025-08-03,647145,Quality Issue
2025-08-09 21:57:20,2025-07-30,642368,Quality Issue
2025-08-09 22:31:08,2025-08-03,646865,Damaged
2025-08-09 22:40:08,2025-07-28,639086,Wrong Item
2025-08-10 01:55:16,2025-07-29,640346,Late Delivery
2025-08-10 03:26:26,2025-07-27,638045,Late Delivery
2025-08-10 04:39:25,2025-07-26,637119,Damaged
2025-08-10 06:10:52,2025-08-02,644459,Quality Issue
2025-08-10 06:35:33,2025-07-31,642848,Damaged
2025-08-10 07:54:59,2025-07-28,639212,Wrong Item
2025-08-10 08:07:17,2025-07-25,636535,Quality Issue
2025-08-10 08:38:19,2025-07-27,638363,Quality Issue
2025-08-10 09:31:57,2025-07-27,638879,Damaged
2025-08-10 09:46:23,2025-07-30,641978,Quality Issue
2025-08-10 10:16:08,2025-07-31,643009,Late Delivery
2025-08-10 10:25:34,2025-07-31,642988,Late Delivery
2025-08-10 10:45:29,2025-08-03,646731,Damaged
2025-08-10 11:34:52,2025-07-29,640568,Other
2025-08-10 11:47:11,2025-08-02,645083,Wrong Item
2025-08-10 12:27:57,2025-08-03,646485,Quality Issue
2025-08-10 12:51:48,2025-07-30,641523,Damaged
2025-08-10 13:03:30,2025-07-26,637578,Wrong Item
2025-08-10 13:50:00,2025-08-03,646667,Wrong Item
2025-08-10 14:01:07,2025-07-26,637147,Late Delivery
2025-08-10 14:30:50,2025-08-02,645068,Late Delivery
2025-08-10 14:43:54,2025-08-03,646881,Late Delivery
2025-08-10 15:49:53,2025-07-31,642861,Late Delivery
2025-08-10 15:57:17,2025-07-31,642660,Late Delivery
2025-08-10 16:08:42,2025-07-28,639430,Other
2025-08-10 16:11:00,2025-07-29,640314,Damaged
2025-08-10 17:43:22,2025-07-28,639755,Late Delivery
2025-08-10 18:01:38,2025-07-30,641277,Quality Issue
2025-08-10 18:27:01,2025-07-27,638748,Quality Issue
2025-08-10 21:14:55,2025-07-28,639574,Damaged
2025-08-10 21:24:15,2025-08-02,644938,Late Delivery
2025-08-10 21:59:33,2025-08-01,644119,Wrong Item
2025-08-10 22:02:08,2025-07-28,638948,Late Delivery
2025-08-10 23:31:46,2025-07-26,636826,Late Delivery
2025-08-11 00:14:12,2025-07-29,640828,Late Delivery
2025-08-11 00:27:38,2025-07-29,640138,Damaged
2025-08-11 00:57:52,2025-08-01,644278,Wrong Item
2025-08-11 02:14:17,2025-07-25,636317,Wrong Item
2025-08-11 02:43:30,2025-08-02,645299,Wrong Item
2025-08-11 03:13:14,2025-07-31,642992,Quality Issue
2025-08-11 03:36:58,2025-07-28,639485,Wrong Item
2025-08-11 05:03:27,2025-07-26,637883,Wrong Item
2025-08-11 05:07:05,2025-07-28,639437,Wrong Item
2025-08-11 05:30:47,2025-08-01,643961,Damaged
2025-08-11 05:35:02,2025-07-30,642140,Wrong Item
2025-08-11 05:51:49,2025-08-01,644107,Quality Issue
2025-08-11 06:09:29,2025-07-30,641193,Late Delivery
2025-08-11 06:31:45,2025-08-01,644245,Quality Issue
2025-08-11 07:18:06,2025-08-01,643821,Quality Issue
2025-08-11 10:04:18,2025-08-01,644206,Damaged
2025-08-11 10:16:35,2025-07-29,640591,Quality Issue
2025-08-11 11:30:27,2025-08-03,645685,Quality Issue
2025-08-11 12:10:13,2025-07-30,641441,Wrong Item
2025-08-11 14:15:17,2025-08-03,646991,Late Delivery
2025-08-11 14:45:10,2025-07-30,641172,Quality Issue
2025-08-11 16:10:52,2025-08-02,645085,Quality Issue
2025-08-11 17:44:58,2025-08-04,647191,Late Delivery
2025-08-11 17:59:25,2025-07-27,638853,Wrong Item
2025-08-11 18:04:43,2025-07-28,639178,Damaged
2025-08-11 18:05:15,2025-08-01,644128,Quality Issue
2025-08-11 18:07:05,2025-08-05,648904,Other
2025-08-11 18:45:09,2025-07-29,640466,Wrong Item
2025-08-11 19:55:04,2025-08-04,647588,Wrong Item
2025-08-11 22:11:24,2025-07-31,642857,Late Delivery
2025-08-11 22:19:23,2025-08-02,645169,Other
2025-08-11 23:04:45,2025-07-28,639596,Wrong Item
2025-08-11 23:09:25,2025-07-26,636922,Wrong Item
2025-08-11 23:19:12,2025-07-30,641601,Quality Issue
2025-08-11 23:37:44,2025-08-04,648262,Wrong Item
2025-08-12 00:02:07,2025-07-28,639486,Quality Issue
2025-08-12 01:06:05,2025-07-30,641031,Wrong Item
2025-08-12 01:19:40,2025-07-26,637123,Wrong Item
2025-08-12 01:45:05,2025-08-03,645598,Late Delivery
2025-08-12 02:22:11,2025-07-31,642946,Quality Issue
2025-08-12 02:22:21,2025-08-03,645777,Wrong Item
2025-08-12 02:30:10,2025-07-30,641275,Late Delivery
2025-08-12 02:34:51,2025-08-02,644579,Other
2025-08-12 02:56:58,2025-08-03,646335,Late Delivery
2025-08-12 03:43:41,2025-07-30,641667,Wrong Item
2025-08-12 03:58:09,2025-07-30,642532,Other
2025-08-12 04:24:32,2025-08-06,649589,Wrong Item
2025-08-12 05:16:36,2025-07-30,642099,Late Delivery
2025-08-12 07:14:36,2025-07-30,641439,Wrong Item
2025-08-12 07:20:58,2025-07-30,642468,Quality Issue
2025-08-12 08:03:12,2025-08-01,643984,Other
2025-08-12 08:35:32,2025-07-30,641568,Damaged
2025-08-12 09:41:56,2025-07-31,643220,Damaged
2025-08-12 09:49:35,2025-08-03,645679,Damaged
2025-08-12 10:24:30,2025-07-30,641069,Wrong Item
2025-08-12 11:04:06,2025-07-30,641806,Wrong Item
2025-08-12 11:21:07,2025-08-02,644855,Damaged
2025-08-12 11:39:17,2025-08-03,646940,Late Delivery
2025-08-12 12:03:27,2025-08-01,644140,Quality Issue
2025-08-12 12:51:06,2025-08-06,650122,Damaged
2025-08-12 13:01:29,2025-07-28,639281,Damaged
2025-08-12 14:54:26,2025-07-31,642737,Quality Issue
2025-08-12 15:31:14,2025-08-01,643995,Damaged
2025-08-12 16:59:19,2025-08-01,644344,Other
2025-08-12 16:59:30,2025-07-29,640852,Wrong Item
2025-08-12 17:05:50,2025-07-27,638320,Quality Issue
2025-08-12 17:11:17,2025-07-29,640400,Damaged
2025-08-12 17:58:09,2025-08-03,645675,Late Delivery
2025-08-12 18:18:50,2025-08-03,645566,Damaged
2025-08-12 18:23:48,2025-07-30,642617,Other
2025-08-12 18:28:00,2025-08-02,644910,Quality Issue
2025-08-12 19:04:23,2025-08-02,645007,Other
2025-08-12 19:13:26,2025-07-29,640623,Wrong Item
2025-08-12 19:23:17,2025-08-05,648594,Late Delivery
2025-08-12 19:55:56,2025-08-03,645604,Quality Issue
2025-08-12 20:36:24,2025-08-03,645740,Late Delivery
2025-08-12 20:57:09,2025-07-28,639669,Wrong Item
2025-08-12 21:28:19,2025-08-02,644844,Late Delivery
2025-08-12 22:12:12,2025-07-30,641419,Damaged
2025-08-12 22:42:24,2025-07-30,641017,Damaged
2025-08-12 23:31:11,2025-08-04,648107,Other
2025-08-12 23:33:19,2025-07-30,641345,Other
2025-08-12 23:39:25,2025-08-04,647521,Late Delivery
2025-08-13 00:26:49,2025-08-07,650754,Damaged
2025-08-13 03:46:34,2025-08-03,646386,Damaged
2025-08-13 04:06:25,2025-07-31,642743,Wrong Item
2025-08-13 06:12:13,2025-08-03,646045,Wrong Item
2025-08-13 08:41:44,2025-08-02,644641,Late Delivery
2025-08-13 09:17:57,2025-07-29,640141,Wrong Item
2025-08-13 09:44:50,2025-08-03,645785,Late Delivery
2025-08-13 10:03:00,2025-08-01,644043,Wrong Item
2025-08-13 10:25:52,2025-08-05,649172,Wrong Item
2025-08-13 10:50:48,2025-08-04,648330,Wrong Item
2025-08-13 11:06:02,2025-07-31,643278,Wrong Item
2025-08-13 11:45:47,2025-08-05,648382,Other
2025-08-13 11:51:49,2025-08-05,648653,Quality Issue
2025-08-13 14:09:39,2025-07-30,641297,Damaged
2025-08-13 14:31:02,2025-08-01,643795,Damaged
2025-08-13 15:14:48,2025-08-01,643792,Wrong Item
2025-08-13 17:37:54,2025-08-01,644281,Quality Issue
2025-08-13 18:33:32,2025-08-03,646924,Quality Issue
2025-08-13 18:34:49,2025-07-30,642346,Other
2025-08-13 20:01:57,2025-07-31,643234,Late Delivery
2025-08-13 20:11:35,2025-08-03,646093,Late Delivery
2025-08-14 01:05:07,2025-08-02,645055,Late Delivery
2025-08-14 01:33:27,2025-07-28,639789,Wrong Item
2025-08-14 01:49:45,2025-07-28,639389,Wrong Item
2025-08-14 02:39:42,2025-07-29,640041,Late Delivery
2025-08-14 02:44:43,2025-07-30,641018,Damaged
2025-08-14 03:16:48,2025-08-05,649008,Wrong Item
2025-08-14 03:20:14,2025-08-04,647423,Wrong Item
2025-08-14 04:32:23,2025-08-03,647011,Damaged
2025-08-14 04:51:55,2025-08-04,647467,Quality Issue
2025-08-14 06:09:37,2025-08-02,644909,Other
2025-08-14 06:30:55,2025-08-06,649990,Damaged
2025-08-14 06:57:43,2025-08-03,646789,Wrong Item
2025-08-14 08:34:06,2025-07-30,641862,Wrong Item
2025-08-14 09:25:59,2025-08-06,650217,Late Delivery
2025-08-14 10:10:51,2025-08-04,647485,Damaged
2025-08-14 10:36:01,2025-07-29,640642,Quality Issue
2025-08-14 12:31:25,2025-07-30,641442,Late Delivery
2025-08-14 12:45:01,2025-08-03,646365,Late Delivery
2025-08-14 14:20:43,2025-08-02,644811,Other
2025-08-14 14:52:22,2025-07-30,641165,Damaged
2025-08-14 15:46:28,2025-07-30,641129,Other
2025-08-14 16:11:50,2025-08-07,650959,Damaged
2025-08-14 17:05:18,2025-08-05,648680,Late Delivery
2025-08-14 17:06:08,2025-08-01,643676,Damaged
2025-08-14 19:19:48,2025-08-03,646448,Other
2025-08-14 19:46:45,2025-08-05,648607,Wrong Item
2025-08-14 19:51:05,2025-08-07,651431,Other
2025-08-14 20:43:23,2025-08-03,646486,Wrong Item
2025-08-14 21:16:56,2025-08-05,649202,Other
2025-08-14 21:31:52,2025-08-01,644346,Other
2025-08-14 21:32:16,2025-08-05,649014,Damaged
2025-08-14 21:40:40,2025-07-28,639784,Quality Issue
2025-08-14 21:54:01,2025-07-30,641931,Quality Issue
2025-08-14 22:07:47,2025-08-05,648752,Quality Issue
2025-08-14 22:14:06,2025-08-05,649278,Late Delivery
2025-08-14 22:35:48,2025-08-02,644627,Wrong Item
2025-08-14 23:34:11,2025-08-04,648299,Quality Issue
2025-08-15 02:51:46,2025-08-09,652982,Quality Issue
2025-08-15 03:00:45,2025-08-04,647249,Damaged
2025-08-15 04:33:35,2025-08-06,650147,Wrong Item
2025-08-15 04:43:28,2025-08-02,645218,Late Delivery
2025-08-15 06:24:10,2025-08-01,644198,Late Delivery
2025-08-15 06:47:09,2025-08-03,645769,Late Delivery
2025-08-15 06:52:20,2025-07-31,643402,Quality Issue
2025-08-15 07:27:55,2025-08-04,647523,Other
2025-08-15 07:35:40,2025-08-03,646325,Damaged
2025-08-15 07:52:22,2025-08-05,648459,Late Delivery
2025-08-15 07:59:39,2025-08-02,644466,Other
2025-08-15 08:33:41,2025-08-01,643918,Late Delivery
2025-08-15 08:52:42,2025-08-08,651815,Late Delivery
2025-08-15 09:34:45,2025-08-02,645022,Other
2025-08-15 09:41:41,2025-08-03,645999,Wrong Item
2025-08-15 10:30:20,2025-08-04,648226,Other
2025-08-15 10:47:27,2025-08-06,650155,Wrong Item
2025-08-15 10:49:31,2025-08-02,645431,Damaged
2025-08-15 12:11:06,2025-08-02,645012,Other
2025-08-15 12:44:32,2025-08-04,647877,Damaged
2025-08-15 13:02:32,2025-08-09,653199,Damaged
2025-08-15 13:44:23,2025-08-02,644684,Wrong Item
2025-08-15 13:48:15,2025-08-05,648496,Quality Issue
2025-08-15 14:08:02,2025-07-30,641878,Damaged
2025-08-15 15:05:32,2025-08-03,646600,Late Delivery
2025-08-15 15:07:33,2025-08-04,647619,Wrong Item
2025-08-15 15:34:28,2025-08-06,649449,Wrong Item
2025-08-15 16:17:36,2025-08-04,648049,Wrong Item
2025-08-15 16:59:20,2025-08-06,649894,Quality Issue
2025-08-15 17:01:06,2025-08-08,652235,Damaged
2025-08-15 18:25:34,2025-08-05,648790,Wrong Item
2025-08-15 18:43:30,2025-07-30,641823,Damaged
2025-08-15 19:08:20,2025-08-03,645611,Quality Issue
2025-08-15 19:44:49,2025-07-31,643514,Damaged
2025-08-15 20:41:13,2025-08-07,650792,Damaged
2025-08-15 20:48:08,2025-08-03,646384,Quality Issue
2025-08-15 21:26:49,2025-08-04,648149,Late Delivery
2025-08-15 21:29:20,2025-08-03,645866,Damaged
2025-08-15 21:35:16,2025-08-02,645421,Quality Issue
2025-08-15 22:19:34,2025-08-06,649332,Damaged
2025-08-15 23:01:54,2025-08-03,647000,Damaged
2025-08-15 23:05:18,2025-07-31,642937,Other
2025-08-16 01:42:22,2025-08-02,645292,Wrong Item
2025-08-16 02:09:14,2025-08-04,647340,Other
2025-08-16 02:23:32,2025-08-02,644519,Late Delivery
2025-08-16 02:36:52,2025-08-05,648992,Wrong Item
2025-08-16 03:28:38,2025-08-06,649880,Late Delivery
2025-08-16 04:41:53,2025-08-10,654966,Wrong Item
2025-08-16 04:59:58,2025-07-31,643345,Other
2025-08-16 05:11:32,2025-08-04,647727,Late Delivery
2025-08-16 05:23:28,2025-07-31,643479,Quality Issue
2025-08-16 06:19:10,2025-08-03,647161,Quality Issue
2025-08-16 07:51:49,2025-07-31,642833,Wrong Item
2025-08-16 08:11:58,2025-08-05,648999,Wrong Item
2025-08-16 08:23:16,2025-08-03,646057,Damaged
2025-08-16 09:16:27,2025-08-03,645899,Quality Issue
2025-08-16 10:10:24,2025-08-03,645569,Wrong Item
2025-08-16 10:31:11,2025-08-08,651985,Damaged
2025-08-16 11:23:59,2025-08-06,649454,Wrong Item
2025-08-16 11:39:15,2025-08-06,649629,Wrong Item
2025-08-16 11:52:46,2025-08-01,643746,Wrong Item
2025-08-16 11:58:03,2025-08-04,647591,Late Delivery
2025-08-16 11:58:57,2025-08-07,651175,Wrong Item
2025-08-16 12:04:43,2025-08-06,650318,Wrong Item
2025-08-16 13:22:31,2025-08-03,646714,Late Delivery
2025-08-16 14:00:25,2025-08-01,643742,Quality Issue
2025-08-16 14:11:46,2025-08-07,651037,Damaged
2025-08-16 14:43:02,2025-08-08,651769,Damaged
2025-08-16 14:54:54,2025-08-07,651480,Late Delivery
2025-08-16 15:55:59,2025-07-31,643347,Quality Issue
2025-08-16 16:05:18,2025-08-02,645350,Late Delivery
2025-08-16 16:06:59,2025-08-03,645621,Damaged
2025-08-16 16:36:44,2025-08-06,649961,Other
2025-08-16 18:12:09,2025-08-05,648731,Quality Issue
2025-08-16 19:20:38,2025-07-31,643156,Wrong Item
2025-08-16 19:51:47,2025-08-03,645942,Quality Issue
2025-08-16 20:39:13,2025-07-31,642953,Quality Issue
2025-08-16 20:54:51,2025-08-10,654584,Damaged
2025-08-16 21:18:48,2025-08-07,651001,Damaged
2025-08-16 22:55:51,2025-08-04,648269,Damaged
2025-08-16 22:59:57,2025-08-06,650001,Damaged
2025-08-16 23:15:37,2025-08-05,648793,Damaged
2025-08-16 23:20:54,2025-08-05,648990,Wrong Item
2025-08-17 00:45:09,2025-08-12,656026,Quality Issue
2025-08-17 01:21:33,2025-08-08,651937,Quality Issue
2025-08-17 02:46:44,2025-08-08,651598,Wrong Item
2025-08-17 04:05:03,2025-08-04,647732,Damaged
2025-08-17 04:54:14,2025-07-30,640977,Wrong Item
2025-08-17 05:06:34,2025-08-03,646973,Other
2025-08-17 05:18:34,2025-08-03,646887,Wrong Item
2025-08-17 05:54:31,2025-08-08,651553,Wrong Item
2025-08-17 06:42:26,2025-08-01,644364,Damaged
2025-08-17 06:59:57,2025-08-10,653620,Quality Issue
2025-08-17 07:07:23,2025-08-06,649355,Wrong Item
2025-08-17 07:20:34,2025-08-03,646190,Late Delivery
2025-08-17 08:46:04,2025-08-06,650321,Late Delivery
2025-08-17 09:42:14,2025-08-07,651039,Damaged
2025-08-17 10:55:02,2025-08-08,651967,Wrong Item
2025-08-17 11:13:01,2025-07-30,641207,Late Delivery
2025-08-17 11:38:25,2025-08-09,653019,Late Delivery
2025-08-17 11:48:14,2025-08-07,651343,Damaged
2025-08-17 12:43:21,2025-08-06,650219,Damaged
2025-08-17 13:32:55,2025-08-05,648434,Quality Issue
2025-08-17 14:27:48,2025-08-06,649386,Quality Issue
2025-08-17 15:17:51,2025-08-08,651779,Damaged
2025-08-17 16:58:35,2025-08-03,646575,Wrong Item
2025-08-17 16:59:41,2025-08-03,646243,Other
2025-08-17 17:00:23,2025-08-10,653942,Late Delivery
2025-08-17 19:03:19,2025-08-05,649061,Wrong Item
2025-08-17 20:12:21,2025-08-03,645880,Other
2025-08-17 21:23:33,2025-08-06,649730,Other
2025-08-17 21:27:00,2025-08-07,650881,Late Delivery
2025-08-17 21:40:58,2025-08-01,643861,Late Delivery
2025-08-17 21:43:37,2025-08-05,648352,Damaged
2025-08-17 22:17:34,2025-08-03,645870,Wrong Item
2025-08-17 22:18:38,2025-08-08,652210,Damaged
2025-08-17 23:21:08,2025-08-06,649832,Late Delivery
2025-08-17 23:26:15,2025-08-06,649769,Wrong Item
2025-08-17 23:50:39,2025-08-06,649404,Damaged
2025-08-18 00:16:01,2025-08-07,650836,Damaged
2025-08-18 00:51:43,2025-08-11,655475,Damaged
2025-08-18 00:51:52,2025-08-10,653919,Damaged
2025-08-18 01:21:41,2025-08-03,645695,Late Delivery
2025-08-18 01:31:21,2025-08-04,647275,Other
2025-08-18 02:19:57,2025-08-06,649429,Late Delivery
2025-08-18 03:28:01,2025-08-03,646061,Damaged
2025-08-18 04:04:51,2025-08-03,645848,Damaged
2025-08-18 06:40:06,2025-08-09,652760,Other
2025-08-18 07:14:14,2025-08-03,645552,Wrong Item
2025-08-18 07:54:46,2025-08-10,653841,Wrong Item
2025-08-18 07:56:24,2025-08-10,654517,Other
2025-08-18 08:05:07,2025-08-05,648981,Wrong Item
2025-08-18 08:10:49,2025-08-10,654877,Damaged
2025-08-18 08:52:54,2025-08-05,648884,Late Delivery
2025-08-18 09:29:30,2025-08-04,647212,Wrong Item
2025-08-18 10:33:53,2025-08-05,648590,Wrong Item
2025-08-18 10:56:58,2025-08-10,653493,Late Delivery
2025-08-18 11:03:55,2025-08-06,649950,Wrong Item
2025-08-18 11:08:46,2025-08-08,652009,Wrong Item
2025-08-18 12:30:35,2025-08-06,649823,Quality Issue
2025-08-18 12:38:24,2025-08-07,651100,Damaged
2025-08-18 12:52:43,2025-08-08,652275,Other
2025-08-18 13:26:31,2025-08-13,658126,Late Delivery
2025-08-18 14:36:30,2025-08-05,648558,Late Delivery
2025-08-18 15:14:06,2025-08-04,647225,Late Delivery
2025-08-18 16:09:29,2025-08-05,648380,Wrong Item
2025-08-18 17:52:41,2025-08-09,652489,Damaged
2025-08-18 18:11:03,2025-08-06,650401,Other
2025-08-18 18:24:42,2025-08-04,648154,Other
2025-08-18 18:47:29,2025-08-04,647503,Wrong Item
2025-08-18 19:44:51,2025-08-09,652617,Other
2025-08-18 23:15:20,2025-08-06,650092,Other
2025-08-19 00:42:56,2025-08-07,651408,Damaged
2025-08-19 01:09:08,2025-08-04,647860,Damaged
2025-08-19 01:55:27,2025-08-04,648232,Other
2025-08-19 03:11:03,2025-08-03,647151,Damaged
2025-08-19 03:27:16,2025-08-08,651858,Late Delivery
2025-08-19 03:40:41,2025-08-05,649224,Quality Issue
2025-08-19 04:52:04,2025-08-11,655083,Damaged
2025-08-19 04:52:24,2025-08-09,652688,Quality Issue
2025-08-19 05:02:53,2025-08-07,651335,Damaged
2025-08-19 05:04:51,2025-08-11,655643,Damaged
2025-08-19 07:09:02,2025-08-13,658144,Damaged
2025-08-19 07:45:04,2025-08-08,651683,Damaged
2025-08-19 07:59:01,2025-08-06,649784,Quality Issue
2025-08-19 08:04:59,2025-08-03,646594,Late Delivery
2025-08-19 08:06:30,2025-08-03,646145,Damaged
2025-08-19 09:01:54,2025-08-04,647500,Damaged
2025-08-19 09:07:35,2025-08-06,650038,Late Delivery
2025-08-19 12:28:01,2025-08-12,656321,Wrong Item
2025-08-19 12:42:15,2025-08-11,655786,Other
2025-08-19 12:44:40,2025-08-03,646074,Quality Issue
2025-08-19 15:45:36,2025-08-10,653526,Wrong Item
2025-08-19 16:49:04,2025-08-08,651745,Wrong Item
2025-08-19 17:01:44,2025-08-08,651914,Wrong Item
2025-08-19 17:27:55,2025-08-09,652504,Wrong Item
2025-08-19 17:42:34,2025-08-06,649470,Damaged
2025-08-19 18:12:49,2025-08-11,655931,Other
2025-08-19 21:04:30,2025-08-09,652604,Wrong Item
2025-08-19 22:07:39,2025-08-10,653856,Wrong Item
2025-08-19 22:29:13,2025-08-06,649888,Damaged
2025-08-19 22:59:36,2025-08-12,656958,Late Delivery
2025-08-19 23:23:59,2025-08-06,649793,Damaged
2025-08-20 00:33:55,2025-08-06,649921,Quality Issue
2025-08-20 01:51:30,2025-08-06,649358,Damaged
2025-08-20 03:40:59,2025-08-04,647904,Late Delivery
2025-08-20 03:47:13,2025-08-04,648089,Damaged
2025-08-20 03:50:38,2025-08-06,650142,Wrong Item
2025-08-20 03:57:49,2025-08-05,648870,Quality Issue
2025-08-20 05:06:25,2025-08-04,648291,Damaged
2025-08-20 05:27:28,2025-08-06,649418,Wrong Item
2025-08-20 06:17:59,2025-08-10,653624,Damaged
2025-08-20 06:26:40,2025-08-03,645570,Late Delivery
2025-08-20 08:51:27,2025-08-03,645982,Late Delivery
2025-08-20 11:03:32,2025-08-04,647791,Wrong Item
2025-08-20 11:06:11,2025-08-10,653591,Late Delivery
2025-08-20 11:45:59,2025-08-07,650969,Quality Issue
2025-08-20 12:31:19,2025-08-08,651757,Quality Issue
2025-08-20 12:48:45,2025-08-09,652723,Other
2025-08-20 13:13:56,2025-08-08,652178,Late Delivery
2025-08-20 13:27:20,2025-08-13,657405,Wrong Item
2025-08-20 14:13:44,2025-08-05,648827,Late Delivery
2025-08-20 14:34:44,2025-08-10,654878,Damaged
2025-08-20 14:53:11,2025-08-09,652499,Damaged
2025-08-20 16:46:27,2025-08-05,649249,Quality Issue
2025-08-20 17:40:48,2025-08-07,650928,Wrong Item
2025-08-20 17:51:45,2025-08-07,651355,Late Delivery
2025-08-20 18:13:47,2025-08-09,653001,Wrong Item
2025-08-20 18:27:40,2025-08-06,649592,Quality Issue
2025-08-20 19:08:17,2025-08-08,651562,Late Delivery
2025-08-20 19:44:37,2025-08-10,654436,Quality Issue
2025-08-20 20:19:49,2025-08-07,651176,Damaged
2025-08-20 22:57:59,2025-08-08,651667,Wrong Item
2025-08-20 23:03:23,2025-08-09,653316,Wrong Item
2025-08-20 23:59:32,2025-08-10,654387,Quality Issue
2025-08-21 00:06:29,2025-08-05,648727,Late Delivery
2025-08-21 02:03:01,2025-08-08,651932,Late Delivery
2025-08-21 02:41:51,2025-08-06,650027,Wrong Item
2025-08-21 03:46:18,2025-08-05,649004,Late Delivery
2025-08-21 05:20:52,2025-08-13,657443,Damaged
2025-08-21 05:41:42,2025-08-07,650860,Quality Issue
2025-08-21 07:25:34,2025-08-09,652766,Other
2025-08-21 07:29:45,2025-08-06,649771,Wrong Item
2025-08-21 07:37:09,2025-08-10,654085,Damaged
2025-08-21 09:00:55,2025-08-11,655491,Damaged
2025-08-21 09:05:06,2025-08-12,656700,Damaged
2025-08-21 09:33:41,2025-08-11,655693,Other
2025-08-21 09:41:06,2025-08-11,655926,Wrong Item
2025-08-21 10:19:51,2025-08-04,648326,Damaged
2025-08-21 10:33:05,2025-08-06,649857,Other
2025-08-21 10:54:27,2025-08-10,653487,Damaged
2025-08-21 11:54:08,2025-08-09,652324,Late Delivery
2025-08-21 13:22:57,2025-08-10,654338,Late Delivery
2025-08-21 15:04:00,2025-08-06,650487,Other
2025-08-21 16:22:25,2025-08-10,653582,Late Delivery
2025-08-21 17:11:46,2025-08-13,657944,Damaged
2025-08-21 17:20:27,2025-08-08,651764,Quality Issue
2025-08-21 17:20:55,2025-08-13,657833,Wrong Item
2025-08-21 18:31:40,2025-08-10,654727,Other
2025-08-21 19:05:04,2025-08-06,649325,Damaged
2025-08-21 19:17:43,2025-08-08,651636,Late Delivery
2025-08-21 19:26:03,2025-08-10,655037,Quality Issue
2025-08-21 19:51:43,2025-08-09,652988,Other
2025-08-21 22:14:40,2025-08-13,657499,Damaged
2025-08-21 23:34:55,2025-08-05,648507,Damaged
2025-08-21 23:51:30,2025-08-10,654320,Other
2025-08-22 00:01:18,2025-08-12,656670,Damaged
2025-08-22 01:18:19,2025-08-13,657662,Damaged
2025-08-22 01:44:37,2025-08-10,653987,Quality Issue
2025-08-22 03:04:41,2025-08-12,656349,Other
2025-08-22 03:05:54,2025-08-10,654346,Damaged
2025-08-22 03:06:40,2025-08-10,654079,Quality Issue
2025-08-22 03:26:58,2025-08-11,655433,Late Delivery
2025-08-22 03:53:14,2025-08-12,656482,Wrong Item
2025-08-22 04:16:53,2025-08-10,654798,Damaged
2025-08-22 04:22:18,2025-08-13,657021,Wrong Item
2025-08-22 04:37:16,2025-08-12,656437,Other
2025-08-22 04:51:20,2025-08-10,653757,Quality Issue
2025-08-22 08:06:52,2025-08-10,654130,Damaged
2025-08-22 09:28:03,2025-08-06,649910,Damaged
2025-08-22 11:37:31,2025-08-11,655061,Wrong Item
2025-08-22 13:02:45,2025-08-08,652054,Damaged
2025-08-22 13:49:18,2025-08-12,656783,Other
2025-08-22 15:10:55,2025-08-09,653161,Damaged
2025-08-22 16:14:55,2025-08-04,647320,Damaged
2025-08-22 16:28:37,2025-08-10,654120,Wrong Item
2025-08-22 17:40:18,2025-08-12,656929,Late Delivery
2025-08-22 19:08:17,2025-08-13,657425,Quality Issue
2025-08-22 21:06:04,2025-08-10,654389,Damaged
2025-08-22 21:23:13,2025-08-13,657316,Wrong Item
2025-08-23 00:08:16,2025-08-08,651872,Other
2025-08-23 01:11:39,2025-08-13,657899,Quality Issue
2025-08-23 01:38:38,2025-08-12,656890,Late Delivery
2025-08-23 02:46:30,2025-08-11,655721,Wrong Item
2025-08-23 03:53:27,2025-08-07,650520,Quality Issue
2025-08-23 05:14:37,2025-08-16,659769,Wrong Item
2025-08-23 05:51:06,2025-08-10,654595,Other
2025-08-23 06:15:33,2025-08-10,654314,Damaged
2025-08-23 07:19:22,2025-08-07,651230,Wrong Item
2025-08-23 08:24:56,2025-08-15,659221,Quality Issue
2025-08-23 09:30:23,2025-08-08,652231,Late Delivery
2025-08-23 10:22:17,2025-08-09,653091,Damaged
2025-08-23 11:10:02,2025-08-12,656896,Wrong Item
2025-08-23 11:19:21,2025-08-12,656736,Late Delivery
2025-08-23 12:27:00,2025-08-08,652129,Damaged
2025-08-23 12:42:03,2025-08-14,658387,Quality Issue
2025-08-23 12:49:31,2025-08-06,649708,Late Delivery
2025-08-23 14:26:33,2025-08-12,656632,Other
2025-08-23 16:02:30,2025-08-09,652968,Quality Issue
2025-08-23 16:22:18,2025-08-11,655887,Late Delivery
2025-08-23 16:57:25,2025-08-13,657445,Other
2025-08-23 17:10:36,2025-08-12,656782,Quality Issue
2025-08-23 17:15:39,2025-08-12,656879,Damaged
2025-08-23 18:41:00,2025-08-13,657389,Late Delivery
2025-08-23 19:17:47,2025-08-15,659167,Damaged
2025-08-23 20:33:41,2025-08-09,653046,Damaged
2025-08-23 22:02:43,2025-08-10,653502,Wrong Item
2025-08-23 22:03:22,2025-08-09,653182,Wrong Item
2025-08-23 23:24:30,2025-08-16,660509,Damaged
2025-08-24 01:40:53,2025-08-14,658911,Quality Issue
2025-08-24 02:05:28,2025-08-10,654298,Wrong Item
2025-08-24 03:00:10,2025-08-12,656282,Wrong Item
2025-08-24 03:35:25,2025-08-16,660274,Quality Issue
2025-08-24 03:54:21,2025-08-11,655084,Late Delivery
2025-08-24 04:10:41,2025-08-10,653484,Quality Issue
2025-08-24 04:24:04,2025-08-16,660701,Late Delivery
2025-08-24 06:55:51,2025-08-16,660298,Late Delivery
2025-08-24 08:24:21,2025-08-12,656485,Late Delivery
2025-08-24 08:42:54,2025-08-19,663677,Late Delivery
2025-08-24 09:34:00,2025-08-12,656791,Quality Issue
2025-08-24 09:38:03,2025-08-14,658868,Late Delivery
2025-08-24 10:41:21,2025-08-13,657549,Quality Issue
2025-08-24 12:13:21,2025-08-13,657326,Damaged
2025-08-24 13:01:16,2025-08-12,656197,Wrong Item
2025-08-24 13:59:05,2025-08-09,653087,Quality Issue
2025-08-24 14:07:06,2025-08-13,658101,Wrong Item
2025-08-24 14:46:36,2025-08-11,655534,Damaged
2025-08-24 16:53:31,2025-08-10,654233,Damaged
2025-08-24 18:16:26,2025-08-13,657291,Damaged
2025-08-24 18:59:46,2025-08-12,656011,Damaged
2025-08-24 20:09:13,2025-08-10,654893,Wrong Item
2025-08-24 21:40:00,2025-08-09,652901,Damaged
2025-08-24 23:08:48,2025-08-13,657292,Late Delivery
2025-08-24 23:16:02,2025-08-09,652420,Wrong Item
2025-08-25 00:36:26,2025-08-17,661422,Late Delivery
2025-08-25 01:24:33,2025-08-11,655171,Damaged
2025-08-25 02:57:25,2025-08-17,661823,Late Delivery
2025-08-25 03:03:48,2025-08-10,654998,Quality Issue
2025-08-25 03:56:21,2025-08-11,655294,Damaged
2025-08-25 04:43:09,2025-08-17,661854,Quality Issue
2025-08-25 04:43:24,2025-08-12,656961,Wrong Item
2025-08-25 05:48:56,2025-08-15,659514,Wrong Item
2025-08-25 06:21:05,2025-08-13,657047,Damaged
2025-08-25 06:33:13,2025-08-18,662555,Wrong Item
2025-08-25 06:41:55,2025-08-14,658908,Wrong Item
2025-08-25 07:02:55,2025-08-10,654876,Wrong Item
2025-08-25 07:03:08,2025-08-17,660962,Quality Issue
2025-08-25 07:06:27,2025-08-16,659859,Other
2025-08-25 07:44:09,2025-08-11,655422,Wrong Item
2025-08-25 09:31:44,2025-08-16,659985,Late Delivery
2025-08-25 10:25:46,2025-08-10,653540,Damaged
2025-08-25 10:37:39,2025-08-11,655658,Wrong Item
2025-08-25 10:55:13,2025-08-12,656477,Other
2025-08-25 11:00:53,2025-08-12,656156,Late Delivery
2025-08-25 13:20:55,2025-08-10,654306,Damaged
2025-08-25 13:28:59,2025-08-16,660598,Damaged
2025-08-25 14:37:11,2025-08-11,655234,Damaged
2025-08-25 16:10:08,2025-08-13,657357,Wrong Item
2025-08-25 17:06:20,2025-08-14,658463,Damaged
2025-08-25 18:39:39,2025-08-12,656250,Quality Issue
2025-08-25 19:10:30,2025-08-14,658244,Quality Issue
2025-08-25 19:20:42,2025-08-16,660779,Late Delivery
2025-08-25 20:44:42,2025-08-10,654844,Late Delivery
2025-08-25 21:07:56,2025-08-15,659273,Wrong Item
2025-08-25 21:09:40,2025-08-17,662071,Quality Issue
2025-08-25 21:15:37,2025-08-14,658488,Wrong Item
2025-08-25 21:29:18,2025-08-10,653579,Late Delivery
2025-08-25 21:54:20,2025-08-15,659522,Quality Issue
2025-08-25 23:00:07,2025-08-10,654444,Damaged
2025-08-26 00:01:51,2025-08-17,660940,Late Delivery
2025-08-26 00:46:34,2025-08-11,655698,Wrong Item
2025-08-26 01:02:41,2025-08-12,656898,Quality Issue
2025-08-26 02:43:24,2025-08-13,657197,Other
2025-08-26 05:31:42,2025-08-18,662714,Quality Issue
2025-08-26 08:02:06,2025-08-16,660047,Late Delivery
2025-08-26 08:18:42,2025-08-15,659326,Late Delivery
2025-08-26 08:57:43,2025-08-13,657479,Quality Issue
2025-08-26 10:39:38,2025-08-12,656798,Wrong Item
2025-08-26 10:54:48,2025-08-18,662269,Damaged
2025-08-26 10:57:33,2025-08-13,657267,Damaged
2025-08-26 11:29:03,2025-08-17,661078,Quality Issue
2025-08-26 11:51:08,2025-08-12,656257,Wrong Item
2025-08-26 12:05:21,2025-08-13,657970,Late Delivery
2025-08-26 12:23:40,2025-08-19,663554,Other
2025-08-26 14:27:25,2025-08-18,662906,Quality Issue
2025-08-26 14:52:02,2025-08-17,661845,Late Delivery
2025-08-26 15:17:21,2025-08-19,663607,Late Delivery
2025-08-26 15:17:21,2025-08-13,657594,Wrong Item
2025-08-26 15:34:48,2025-08-18,663231,Quality Issue
2025-08-26 17:25:44,2025-08-11,655151,Wrong Item
2025-08-26 18:12:59,2025-08-15,659139,Quality Issue
2025-08-26 18:47:19,2025-08-17,661621,Quality Issue
2025-08-26 19:38:10,2025-08-12,656824,Wrong Item
2025-08-26 19:46:54,2025-08-14,658426,Quality Issue
2025-08-26 20:05:42,2025-08-10,654109,Late Delivery
2025-08-26 20:39:19,2025-08-19,663745,Late Delivery
2025-08-26 20:52:10,2025-08-12,656264,Other
2025-08-26 21:10:28,2025-08-10,653566,Wrong Item
2025-08-26 22:13:44,2025-08-14,658401,Other
2025-08-26 22:29:27,2025-08-17,661015,Wrong Item
2025-08-26 22:32:20,2025-08-13,657687,Wrong Item
2025-08-26 22:43:01,2025-08-10,654892,Damaged
2025-08-26 22:48:08,2025-08-12,656787,Late Delivery
2025-08-26 22:52:47,2025-08-13,657901,Late Delivery
2025-08-27 00:59:49,2025-08-12,655999,Damaged
2025-08-27 01:23:17,2025-08-16,660087,Other
2025-08-27 02:09:06,2025-08-11,655505,Wrong Item
2025-08-27 02:25:46,2025-08-21,666099,Damaged
2025-08-27 02:28:24,2025-08-15,659606,Wrong Item
2025-08-27 03:09:30,2025-08-12,656479,Late Delivery
2025-08-27 04:00:48,2025-08-17,661944,Quality Issue
2025-08-27 04:10:30,2025-08-17,661273,Damaged
2025-08-27 04:22:18,2025-08-11,655215,Wrong Item
2025-08-27 04:35:49,2025-08-19,664340,Wrong Item
2025-08-27 04:56:42,2025-08-20,665597,Wrong Item
2025-08-27 05:24:56,2025-08-17,661894,Damaged
2025-08-27 06:18:14,2025-08-16,660101,Other
2025-08-27 06:23:07,2025-08-16,660113,Late Delivery
2025-08-27 07:15:39,2025-08-15,659027,Quality Issue
2025-08-27 11:38:45,2025-08-11,655640,Late Delivery
2025-08-27 12:42:46,2025-08-13,657446,Damaged
2025-08-27 13:06:50,2025-08-15,659086,Damaged
2025-08-27 13:30:29,2025-08-15,659277,Wrong Item
2025-08-27 14:33:21,2025-08-13,657261,Damaged
2025-08-27 15:45:39,2025-08-19,663565,Wrong Item
2025-08-27 16:45:39,2025-08-11,655637,Wrong Item
2025-08-27 18:06:04,2025-08-15,659239,Damaged
2025-08-27 22:47:02,2025-08-15,659290,Wrong Item
2025-08-27 22:50:27,2025-08-12,656801,Other
2025-08-27 23:11:38,2025-08-13,657836,Quality Issue
2025-08-27 23:42:41,2025-08-20,664908,Quality Issue
2025-08-27 23:50:41,2025-08-10,654377,Quality Issue
2025-08-28 00:02:08,2025-08-13,657664,Late Delivery
2025-08-28 00:15:21,2025-08-13,657656,Damaged
2025-08-28 00:59:05,2025-08-14,658264,Wrong Item
2025-08-28 01:27:47,2025-08-18,662364,Wrong Item
2025-08-28 01:28:53,2025-08-13,657964,Wrong Item
2025-08-28 01:47:23,2025-08-17,661551,Other
2025-08-28 01:59:06,2025-08-17,661497,Wrong Item
2025-08-28 02:03:07,2025-08-15,659122,Damaged
2025-08-28 02:50:23,2025-08-15,659358,Late Delivery
2025-08-28 03:11:43,2025-08-19,664465,Quality Issue
2025-08-28 03:47:13,2025-08-18,662641,Late Delivery
2025-08-28 04:15:23,2025-08-16,660111,Damaged
2025-08-28 05:22:35,2025-08-16,660539,Damaged
2025-08-28 05:55:31,2025-08-20,664959,Wrong Item
2025-08-28 06:20:15,2025-08-14,658418,Wrong Item
2025-08-28 07:20:18,2025-08-17,661003,Wrong Item
2025-08-28 08:54:03,2025-08-13,658053,Wrong Item
2025-08-28 09:40:10,2025-08-11,655918,Quality Issue
2025-08-28 10:17:42,2025-08-17,662117,Damaged
2025-08-28 12:48:00,2025-08-18,663278,Damaged
2025-08-28 12:58:50,2025-08-18,662477,Damaged
2025-08-28 13:23:23,2025-08-18,662377,Damaged
2025-08-28 13:26:01,2025-08-18,662283,Quality Issue
2025-08-28 13:59:47,2025-08-19,664164,Wrong Item
2025-08-28 14:01:19,2025-08-19,663686,Quality Issue
2025-08-28 14:21:55,2025-08-20,664716,Other
2025-08-28 14:50:59,2025-08-18,663248,Quality Issue
2025-08-28 15:21:05,2025-08-21,667086,Other
2025-08-28 16:10:53,2025-08-17,660981,Quality Issue
2025-08-28 17:26:22,2025-08-16,660396,Late Delivery
2025-08-28 17:34:18,2025-08-12,656345,Damaged
2025-08-28 17:43:51,2025-08-18,662902,Damaged
2025-08-28 18:07:19,2025-08-18,662810,Damaged
2025-08-28 21:34:04,2025-08-19,663376,Late Delivery
2025-08-28 22:31:58,2025-08-17,662264,Quality Issue
2025-08-28 23:22:02,2025-08-14,658614,Late Delivery
2025-08-28 23:26:46,2025-08-18,662912,Quality Issue
2025-08-28 23:36:55,2025-08-15,659174,Damaged
2025-08-29 01:08:12,2025-08-19,663522,Wrong Item
2025-08-29 02:35:05,2025-08-12,656866,Late Delivery
2025-08-29 02:37:40,2025-08-16,660187,Late Delivery
2025-08-29 03:24:18,2025-08-16,660864,Other
2025-08-29 03:50:44,2025-08-17,661972,Wrong Item
2025-08-29 03:57:30,2025-08-13,657079,Late Delivery
2025-08-29 05:10:45,2025-08-17,661415,Late Delivery
2025-08-29 06:45:57,2025-08-17,661771,Damaged
2025-08-29 06:55:34,2025-08-18,662479,Damaged
2025-08-29 08:27:55,2025-08-16,660658,Late Delivery
2025-08-29 08:38:24,2025-08-15,659400,Other
2025-08-29 08:58:59,2025-08-16,660023,Damaged
2025-08-29 09:14:45,2025-08-18,662926,Quality Issue
2025-08-29 09:52:34,2025-08-17,662050,Other
2025-08-29 10:47:16,2025-08-17,661575,Damaged
2025-08-29 10:57:30,2025-08-16,660890,Late Delivery
2025-08-29 11:09:19,2025-08-17,661334,Other
2025-08-29 12:17:42,2025-08-11,655206,Late Delivery
2025-08-29 13:57:33,2025-08-19,664510,Wrong Item
2025-08-29 14:21:18,2025-08-20,665438,Other
2025-08-29 15:05:09,2025-08-18,662424,Quality Issue
2025-08-29 15:29:58,2025-08-21,666824,Damaged
2025-08-29 15:48:52,2025-08-16,660556,Other
2025-08-29 15:49:57,2025-08-14,658576,Damaged
2025-08-29 15:50:25,2025-08-17,662108,Late Delivery
2025-08-29 15:50:45,2025-08-19,663876,Quality Issue
2025-08-29 15:54:28,2025-08-16,660147,Damaged
2025-08-29 15:56:07,2025-08-19,664421,Wrong Item
2025-08-29 16:02:14,2025-08-19,663801,Wrong Item
2025-08-29 16:36:16,2025-08-20,664836,Quality Issue
2025-08-29 16:52:39,2025-08-23,668608,Late Delivery
2025-08-29 17:31:52,2025-08-22,667415,Damaged
2025-08-29 18:16:55,2025-08-17,661017,Late Delivery
2025-08-29 18:37:21,2025-08-16,660636,Late Delivery
2025-08-29 18:40:06,2025-08-12,656163,Quality Issue
2025-08-29 20:12:51,2025-08-18,663042,Wrong Item
2025-08-29 20:13:39,2025-08-16,660232,Other
2025-08-29 20:19:26,2025-08-17,661881,Wrong Item
2025-08-29 20:46:50,2025-08-16,659743,Other
2025-08-29 21:46:55,2025-08-20,664903,Late Delivery
2025-08-29 21:56:21,2025-08-19,663486,Late Delivery
2025-08-29 22:34:52,2025-08-18,662308,Wrong Item
2025-08-29 23:21:39,2025-08-17,662123,Wrong Item
2025-08-29 23:39:49,2025-08-16,660534,Late Delivery
2025-08-30 00:06:33,2025-08-17,662236,Wrong Item
2025-08-30 00:14:56,2025-08-21,666627,Late Delivery
2025-08-30 00:22:19,2025-08-17,661474,Damaged
2025-08-30 00:47:05,2025-08-19,663937,Damaged
2025-08-30 00:54:33,2025-08-17,661028,Damaged
2025-08-30 01:07:22,2025-08-21,666970,Wrong Item
2025-08-30 01:55:35,2025-08-22,667248,Other
2025-08-30 02:07:45,2025-08-15,659159,Late Delivery
2025-08-30 02:12:47,2025-08-17,661862,Quality Issue
2025-08-30 02:57:42,2025-08-17,661176,Late Delivery
2025-08-30 03:00:09,2025-08-18,662519,Damaged
2025-08-30 03:16:00,2025-08-13,657787,Other
2025-08-30 04:02:47,2025-08-22,667368,Wrong Item
2025-08-30 06:32:42,2025-08-20,665439,Quality Issue
2025-08-30 06:34:45,2025-08-21,666275,Damaged
2025-08-30 06:38:54,2025-08-17,662148,Damaged
2025-08-30 08:44:46,2025-08-16,660483,Damaged
2025-08-30 08:50:52,2025-08-25,672392,Wrong Item
2025-08-30 09:34:25,2025-08-16,659770,Wrong Item
2025-08-30 10:30:10,2025-08-21,666384,Damaged
2025-08-30 13:48:34,2025-08-20,664849,Late Delivery
2025-08-30 14:31:14,2025-08-16,660167,Wrong Item
2025-08-30 15:00:33,2025-08-23,668700,Wrong Item
2025-08-30 15:21:19,2025-08-19,663737,Late Delivery
2025-08-30 16:59:29,2025-08-19,664414,Wrong Item
2025-08-30 17:40:30,2025-08-14,658603,Damaged
2025-08-30 18:43:50,2025-08-24,670730,Quality Issue
2025-08-30 18:55:09,2025-08-17,661511,Damaged
2025-08-30 19:45:46,2025-08-19,664195,Quality Issue
2025-08-30 20:01:09,2025-08-18,662349,Damaged
2025-08-30 20:38:14,2025-08-20,664578,Quality Issue
2025-08-30 21:31:44,2025-08-22,667386,Other
2025-08-31 00:18:18,2025-08-17,662042,Damaged
2025-08-31 00:50:21,2025-08-23,668775,Damaged
2025-08-31 01:41:06,2025-08-18,662809,Damaged
2025-08-31 02:21:11,2025-08-17,661401,Damaged
2025-08-31 03:15:00,2025-08-21,666619,Late Delivery
2025-08-31 03:28:26,2025-08-19,664388,Damaged
2025-08-31 03:28:41,2025-08-18,662382,Other
2025-08-31 03:32:04,2025-08-15,659617,Wrong Item
2025-08-31 03:42:58,2025-08-18,663266,Wrong Item
2025-08-31 03:47:37,2025-08-21,666470,Quality Issue
2025-08-31 04:23:52,2025-08-21,666242,Late Delivery
2025-08-31 06:00:38,2025-08-18,663117,Late Delivery
2025-08-31 06:22:07,2025-08-21,666481,Late Delivery
2025-08-31 06:46:47,2025-08-20,665698,Wrong Item
2025-08-31 07:26:20,2025-08-22,668159,Late Delivery
2025-08-31 07:27:28,2025-08-16,660519,Damaged
2025-08-31 08:17:22,2025-08-15,659042,Wrong Item
2025-08-31 09:46:48,2025-08-23,669073,Quality Issue
2025-08-31 10:13:43,2025-08-16,660437,Quality Issue
2025-08-31 10:48:17,2025-08-17,661033,Damaged
2025-08-31 11:02:06,2025-08-21,666868,Wrong Item
2025-08-31 11:31:23,2025-08-17,662181,Wrong Item
2025-08-31 11:52:39,2025-08-20,664720,Late Delivery
2025-08-31 12:11:20,2025-08-17,661886,Wrong Item
2025-08-31 12:16:00,2025-08-21,666839,Quality Issue
2025-08-31 12:37:01,2025-08-16,660630,Damaged
2025-08-31 14:46:11,2025-08-21,667127,Damaged
2025-08-31 14:47:49,2025-08-22,668386,Other
2025-08-31 14:57:21,2025-08-19,663711,Quality Issue
2025-08-31 16:13:56,2025-08-23,669728,Late Delivery
2025-08-31 16:18:23,2025-08-20,665256,Damaged
2025-08-31 16:26:39,2025-08-18,662693,Wrong Item
2025-08-31 17:19:32,2025-08-18,662827,Quality Issue
2025-08-31 19:01:03,2025-08-16,660772,Wrong Item
2025-08-31 19:15:03,2025-08-19,664498,Wrong Item
2025-08-31 21:00:11,2025-08-23,669642,Late Delivery
2025-08-31 22:37:20,2025-08-22,668101,Damaged
2025-08-31 22:47:24,2025-08-22,668321,Damaged
2025-08-31 22:47:47,2025-08-20,665666,Quality Issue
